﻿use SchoolManagementDB;
go
--01
SET IDENTITY_INSERT [dbo].[Country] ON 

INSERT [dbo].[Country] ([Id], [Name], [CountryCode]) VALUES (1, N'Bangladesh', N'BD')
INSERT [dbo].[Country] ([Id], [Name], [CountryCode]) VALUES (2, N'America', N'US')
INSERT [dbo].[Country] ([Id], [Name], [CountryCode]) VALUES (3, N'India', N'IN')
SET IDENTITY_INSERT [dbo].[Country] OFF
go
--02
SET IDENTITY_INSERT [dbo].[Division] ON 

INSERT [dbo].[Division] ([Id], [DivisionName],[CountryId]) VALUES (1, N'Dhaka',1)
INSERT [dbo].[Division] ([Id], [DivisionName],[CountryId]) VALUES (2, N'Chittagang',1)
INSERT [dbo].[Division] ([Id], [DivisionName],[CountryId]) VALUES (3, N'Barisal',1)
INSERT [dbo].[Division] ([Id], [DivisionName],[CountryId]) VALUES (4, N'Sylhet',1)
INSERT [dbo].[Division] ([Id], [DivisionName],[CountryId]) VALUES (5, N'Rajshahi',1)
INSERT [dbo].[Division] ([Id], [DivisionName],[CountryId]) VALUES (6, N'Rangpur',1)
INSERT [dbo].[Division] ([Id], [DivisionName],[CountryId]) VALUES (7, N'Khulna',1)
INSERT [dbo].[Division] ([Id], [DivisionName],[CountryId]) VALUES (8, N'Mymensingh',1)
SET IDENTITY_INSERT [dbo].[Division] OFF
go
--03
SET IDENTITY_INSERT [dbo].[District] ON 

INSERT [dbo].[District] ([Id], [DistrictName], [DivisionId]) VALUES (1, N'Dhaka', 1)
INSERT [dbo].[District] ([Id], [DistrictName], [DivisionId]) VALUES (2, N'Brahmanbaria', 2)
INSERT [dbo].[District] ([Id], [DistrictName], [DivisionId]) VALUES (3, N'Bagherhat', 7)
INSERT [dbo].[District] ([Id], [DistrictName], [DivisionId]) VALUES (4, N'Bandarban', 2)
INSERT [dbo].[District] ([Id], [DistrictName], [DivisionId]) VALUES (5, N'Barguna', 3)
INSERT [dbo].[District] ([Id], [DistrictName], [DivisionId]) VALUES (6, N'Barishal', 3)
INSERT [dbo].[District] ([Id], [DistrictName], [DivisionId]) VALUES (7, N'Bhola', 3)
INSERT [dbo].[District] ([Id], [DistrictName], [DivisionId]) VALUES (8, N'Bogra', 5)
INSERT [dbo].[District] ([Id], [DistrictName], [DivisionId]) VALUES (9, N'C. Nawabganj', 5)
INSERT [dbo].[District] ([Id], [DistrictName], [DivisionId]) VALUES (10, N'Chandpur', 2)
SET IDENTITY_INSERT [dbo].[District] OFF

go
--04
SET IDENTITY_INSERT [dbo].[PoliceStation] ON 

INSERT [dbo].[PoliceStation] ([Id], [PoliceStationName], [DistrictId]) VALUES (1, N'Dohar', 1)
INSERT [dbo].[PoliceStation] ([Id], [PoliceStationName], [DistrictId]) VALUES (2, N'Tejgaon Circle', 1)
INSERT [dbo].[PoliceStation] ([Id], [PoliceStationName], [DistrictId]) VALUES (3, N'Savar', 1)
INSERT [dbo].[PoliceStation] ([Id], [PoliceStationName], [DistrictId]) VALUES (4, N'Nawabganj', 1)
INSERT [dbo].[PoliceStation] ([Id], [PoliceStationName], [DistrictId]) VALUES (5, N'Keraniganj', 1)
INSERT [dbo].[PoliceStation] ([Id], [PoliceStationName], [DistrictId]) VALUES (6, N'Dhamrai', 1)
INSERT [dbo].[PoliceStation] ([Id], [PoliceStationName], [DistrictId]) VALUES (7, N'Ashuganj', 2)
INSERT [dbo].[PoliceStation] ([Id], [PoliceStationName], [DistrictId]) VALUES (8, N'Nasirnagar', 2)
INSERT [dbo].[PoliceStation] ([Id], [PoliceStationName], [DistrictId]) VALUES (9, N'Sarail', 2)
INSERT [dbo].[PoliceStation] ([Id], [PoliceStationName], [DistrictId]) VALUES (10, N'Bancharampur', 2)
SET IDENTITY_INSERT [dbo].[PoliceStation] OFF

go
--05
SET IDENTITY_INSERT [dbo].[PostOffice] ON 

INSERT [dbo].[PostOffice] ([Id], [PostOfficeName], [PoliceStationId]) VALUES (1, N'Kushumhati', 1)
INSERT [dbo].[PostOffice] ([Id], [PostOfficeName], [PoliceStationId]) VALUES (2, N'Mahmudpur', 1)
INSERT [dbo].[PostOffice] ([Id], [PostOfficeName], [PoliceStationId]) VALUES (3, N'Moksedpur', 1)
INSERT [dbo].[PostOffice] ([Id], [PostOfficeName], [PoliceStationId]) VALUES (4, N'Narisha', 1)
INSERT [dbo].[PostOffice] ([Id], [PostOfficeName], [PoliceStationId]) VALUES (5, N'Nayabari', 1)
INSERT [dbo].[PostOffice] ([Id], [PostOfficeName], [PoliceStationId]) VALUES (6, N'Raipara', 1)
INSERT [dbo].[PostOffice] ([Id], [PostOfficeName], [PoliceStationId]) VALUES (7, N'Sutarpara', 1)
INSERT [dbo].[PostOffice] ([Id], [PostOfficeName], [PoliceStationId]) VALUES (8, N'Bilashpur', 1)
INSERT [dbo].[PostOffice] ([Id], [PostOfficeName], [PoliceStationId]) VALUES (9, N'Sarulia', 2)
INSERT [dbo].[PostOffice] ([Id], [PostOfficeName], [PoliceStationId]) VALUES (10, N'Beraid', 2)
SET IDENTITY_INSERT [dbo].[PostOffice] OFF
go
--06
SET IDENTITY_INSERT [dbo].[Branch] ON 

INSERT [dbo].[Branch] ([Id], [BranchName], [Location], [Authority], [PostOfficeId]) VALUES (1, N'Mirpur', N'Mirpur', N'Jahid', 1)
INSERT [dbo].[Branch] ([Id], [BranchName], [Location], [Authority], [PostOfficeId]) VALUES (2, N'Cumilla', N'Cumilla', N'Jahangir', 2)
INSERT [dbo].[Branch] ([Id], [BranchName], [Location], [Authority], [PostOfficeId]) VALUES (3, N'Khilgaw', N'Dhaka', N'Khaled', 3)
INSERT [dbo].[Branch] ([Id], [BranchName], [Location], [Authority], [PostOfficeId]) VALUES (4, N'Keranigang', N'Sylet', N'Hamid', 4)
SET IDENTITY_INSERT [dbo].[Branch] OFF
go
--07
SET IDENTITY_INSERT [dbo].[SchoolVersion] ON 

INSERT [dbo].[SchoolVersion] ([Id], [SchoolVersionName]) VALUES (1, N'Bangla')
INSERT [dbo].[SchoolVersion] ([Id], [SchoolVersionName]) VALUES (2, N'English')
INSERT [dbo].[SchoolVersion] ([Id], [SchoolVersionName]) VALUES (3, N'Bangla & English')
SET IDENTITY_INSERT [dbo].[SchoolVersion] OFF

go
--08
SET IDENTITY_INSERT [dbo].[Quota] ON 

INSERT [dbo].[Quota] ([Id], [QuotaName]) VALUES (1, N'General')
INSERT [dbo].[Quota] ([Id], [QuotaName]) VALUES (2, N'Physically Challenged')
INSERT [dbo].[Quota] ([Id], [QuotaName]) VALUES (3, N'BNCC')
INSERT [dbo].[Quota] ([Id], [QuotaName]) VALUES (4, N'Tribal')
INSERT [dbo].[Quota] ([Id], [QuotaName]) VALUES (5, N'Ansar-VDP')
INSERT [dbo].[Quota] ([Id], [QuotaName]) VALUES (6, N'Orphan')
INSERT [dbo].[Quota] ([Id], [QuotaName]) VALUES (7, N'Freedom Fighter')
INSERT [dbo].[Quota] ([Id], [QuotaName]) VALUES (8, N'Femail')
SET IDENTITY_INSERT [dbo].[Quota] OFF
go
--09
SET IDENTITY_INSERT [dbo].[Room] ON 

INSERT [dbo].[Room] ([Id], [RoomName], [RoomType], [SitCapacity], [FloorNumber], [BlockName], [BranchId]) VALUES (1, N'101', 'Class Room', 60, 1, 'A', 1)
INSERT [dbo].[Room] ([Id], [RoomName], [RoomType], [SitCapacity], [FloorNumber], [BlockName], [BranchId]) VALUES (2, N'102', 'Class Room', 60, 1, 'A', 1)
INSERT [dbo].[Room] ([Id], [RoomName], [RoomType], [SitCapacity], [FloorNumber], [BlockName], [BranchId]) VALUES (3, N'103', 'Class Room', 60, 1, 'A', 1)
INSERT [dbo].[Room] ([Id], [RoomName], [RoomType], [SitCapacity], [FloorNumber], [BlockName], [BranchId]) VALUES (4, N'104', 'Class Room', 60, 1, 'A', 1)
INSERT [dbo].[Room] ([Id], [RoomName], [RoomType], [SitCapacity], [FloorNumber], [BlockName], [BranchId]) VALUES (5, N'201', 'Class Room', 60, 1, 'A', 1)
INSERT [dbo].[Room] ([Id], [RoomName], [RoomType], [SitCapacity], [FloorNumber], [BlockName], [BranchId]) VALUES (6, N'202', 'Class Room', 60, 1, 'A', 1)
INSERT [dbo].[Room] ([Id], [RoomName], [RoomType], [SitCapacity], [FloorNumber], [BlockName], [BranchId]) VALUES (7, N'203', 'Class Room', 60, 1, 'A', 1)
SET IDENTITY_INSERT [dbo].[Room] OFF
go
--10
SET IDENTITY_INSERT [dbo].[SchoolClass] ON 

INSERT [dbo].[SchoolClass] ([Id], [ClassName], [NumberOfSubject]) VALUES (1, N'One', 3)
INSERT [dbo].[SchoolClass] ([Id], [ClassName], [NumberOfSubject]) VALUES (2, N'Two', 3)
INSERT [dbo].[SchoolClass] ([Id], [ClassName], [NumberOfSubject]) VALUES (3, N'Three', 6)
INSERT [dbo].[SchoolClass] ([Id], [ClassName], [NumberOfSubject]) VALUES (4, N'Four', 6)
INSERT [dbo].[SchoolClass] ([Id], [ClassName], [NumberOfSubject]) VALUES (5, N'Five', 6)
INSERT [dbo].[SchoolClass] ([Id], [ClassName], [NumberOfSubject]) VALUES (6, N'Six', 10)
INSERT [dbo].[SchoolClass] ([Id], [ClassName], [NumberOfSubject]) VALUES (7, N'Seven', 10)
INSERT [dbo].[SchoolClass] ([Id], [ClassName], [NumberOfSubject]) VALUES (8, N'Eight', 10)
INSERT [dbo].[SchoolClass] ([Id], [ClassName], [NumberOfSubject]) VALUES (9, N'Nine', 13)
INSERT [dbo].[SchoolClass] ([Id], [ClassName], [NumberOfSubject]) VALUES (10, N'Ten', 13)
SET IDENTITY_INSERT [dbo].[SchoolClass] OFF
go
--11
SET IDENTITY_INSERT [dbo].[Shift] ON 

INSERT [dbo].[Shift] ([Id], [ShiftName], [StartTime], [EndTime]) VALUES (1, N'Morning', CAST(N'08:00:00' AS Time), CAST(N'12:00:00' AS Time))
INSERT [dbo].[Shift] ([Id], [ShiftName], [StartTime], [EndTime]) VALUES (2, N'Day', CAST(N'13:00:00' AS Time), CAST(N'17:00:00' AS Time))
INSERT [dbo].[Shift] ([Id], [ShiftName], [StartTime], [EndTime]) VALUES (3, N'Evening', CAST(N'18:00:00' AS Time), CAST(N'22:00:00' AS Time))
SET IDENTITY_INSERT [dbo].[Shift] OFF
go

--12

SET IDENTITY_INSERT [dbo].[BranchClass] ON 

INSERT [dbo].[BranchClass] ([Id], [BranchId], [ShiftId], [SchoolVersionId], [SchoolClassId]) VALUES (1, 1, 1, 1, 1)
INSERT [dbo].[BranchClass] ([Id], [BranchId], [ShiftId], [SchoolVersionId], [SchoolClassId]) VALUES (2, 1, 2, 2, 1)
INSERT [dbo].[BranchClass] ([Id], [BranchId], [ShiftId], [SchoolVersionId], [SchoolClassId]) VALUES (3, 1, 3, 1, 2)
INSERT [dbo].[BranchClass] ([Id], [BranchId], [ShiftId], [SchoolVersionId], [SchoolClassId]) VALUES (4, 2, 1, 1, 2)
INSERT [dbo].[BranchClass] ([Id], [BranchId], [ShiftId], [SchoolVersionId], [SchoolClassId]) VALUES (5, 2, 2, 1, 3)
INSERT [dbo].[BranchClass] ([Id], [BranchId], [ShiftId], [SchoolVersionId], [SchoolClassId]) VALUES (6, 2, 3, 2, 3)
SET IDENTITY_INSERT [dbo].[BranchClass] OFF
GO
--13
SET IDENTITY_INSERT [dbo].[Group] ON 

INSERT [dbo].[Group] ([Id], [GroupName]) VALUES (1, N'Business Studies')
INSERT [dbo].[Group] ([Id], [GroupName]) VALUES (2, N'Science')
INSERT [dbo].[Group] ([Id], [GroupName]) VALUES (3, N'Humainities')
SET IDENTITY_INSERT [dbo].[Group] OFF
go
--16
SET IDENTITY_INSERT [dbo].[Designation] ON 

INSERT [dbo].[Designation] ([Id], [DesignationName]) VALUES (1, N'Authority')
INSERT [dbo].[Designation] ([Id], [DesignationName]) VALUES (2, N'Principal')
INSERT [dbo].[Designation] ([Id], [DesignationName]) VALUES (3, N'Vice-Principal')
INSERT [dbo].[Designation] ([Id], [DesignationName]) VALUES (4, N'Assistant Teacher')
INSERT [dbo].[Designation] ([Id], [DesignationName]) VALUES (5, N'Jonior Teacher')
INSERT [dbo].[Designation] ([Id], [DesignationName]) VALUES (6, N'Office Assistant')
INSERT [dbo].[Designation] ([Id], [DesignationName]) VALUES (7, N'Office Support Stap')
INSERT [dbo].[Designation] ([Id], [DesignationName]) VALUES (8, N'Libraryan')
INSERT [dbo].[Designation] ([Id], [DesignationName]) VALUES (9, N'Gard')
INSERT [dbo].[Designation] ([Id], [DesignationName]) VALUES (10, N'Cleaner')
SET IDENTITY_INSERT [dbo].[Designation] OFF
GO
--23
SET IDENTITY_INSERT [dbo].[Teacher] ON 

INSERT [dbo].[Teacher] ([Id], [FirstName], [LastName], [DateOfBirth], [Gender], [Religion], [PhoneNo], [Email], [NationalIdNo], [FingerData], [IsPresent], [ImageUrl], [CreatedDate], [MaritalStatus], [FathersName], [MothersName], [JoiningDate], [ResignDate], [BranchId], [DesignationId],  [PostOfficeId]) VALUES (1, N'Teacher1', N'Techar4', CAST(N'2000-01-01T00:00:00.0000000' AS DateTime2), 0, 0, N'0183215245641', N'teavcharft@gmail.com', N'64521654545', NULL, 1, N'!/images/01.jpg', CAST(N'2021-01-01T00:00:00.0000000' AS DateTime2), 1, N'father', N'motheer', CAST(N'2021-01-01T00:00:00.0000000' AS DateTime2), NULL, 1, 1, 1)
INSERT [dbo].[Teacher] ([Id], [FirstName], [LastName], [DateOfBirth], [Gender], [Religion], [PhoneNo], [Email], [NationalIdNo], [FingerData], [IsPresent], [ImageUrl], [CreatedDate], [MaritalStatus], [FathersName], [MothersName], [JoiningDate], [ResignDate], [BranchId], [DesignationId],  [PostOfficeId]) VALUES (2, N'taechart2', N'kagert', CAST(N'2000-01-01T00:00:00.0000000' AS DateTime2), 1, 1, N'0186341251241', N'sdakj;fj@gmail.colm', N'4465456453', NULL, 0, N'~/IMGAE/01.JPG', CAST(N'2021-01-01T00:00:00.0000000' AS DateTime2), 1, N'FATJEH', N'M,AOJTGLKS', CAST(N'2021-01-01T00:00:00.0000000' AS DateTime2), NULL, 1, 1, 1)
SET IDENTITY_INSERT [dbo].[Teacher] OFF

GO
--14
SET IDENTITY_INSERT [dbo].[Section] ON 

INSERT [dbo].[Section] ([Id], [SectionName], [GroupId], [BranchClassId], [RoomId], [TeacherId]) VALUES (1, N'Six-A', NULL, 1, 1, 1)
INSERT [dbo].[Section] ([Id], [SectionName], [GroupId], [BranchClassId], [RoomId], [TeacherId]) VALUES (2, N'Six-B', NULL, 2, 2, 2)
INSERT [dbo].[Section] ([Id], [SectionName], [GroupId], [BranchClassId], [RoomId], [TeacherId]) VALUES (3, N'One-A', NULL, 2, 3, NULL)
INSERT [dbo].[Section] ([Id], [SectionName], [GroupId], [BranchClassId], [RoomId], [TeacherId]) VALUES (4, N'One-B', NULL, 3, 4, NULL)
INSERT [dbo].[Section] ([Id], [SectionName], [GroupId], [BranchClassId], [RoomId], [TeacherId]) VALUES (5, N'One-C', NULL, 3, 5, NULL)
SET IDENTITY_INSERT [dbo].[Section] OFF
go
--15
SET IDENTITY_INSERT [dbo].[Subject] ON 

INSERT [dbo].[Subject] ([Id], [SubjectName], [SubjectCode], [CanBeOptional], [SchoolClassId], [GroupId], [SchoolVersionId]) VALUES (1, N'আমার বাংলা বই', N'101', 0, 1, NULL, 3)
INSERT [dbo].[Subject] ([Id], [SubjectName], [SubjectCode], [CanBeOptional], [SchoolClassId], [GroupId], [SchoolVersionId]) VALUES (2, N'English for Today', N'102', 0, 1, NULL, NULL)
INSERT [dbo].[Subject] ([Id], [SubjectName], [SubjectCode], [CanBeOptional], [SchoolClassId], [GroupId], [SchoolVersionId]) VALUES (3, N'প্রাথমিক গণিত', N'103', 0, 1, NULL, NULL)
INSERT [dbo].[Subject] ([Id], [SubjectName], [SubjectCode], [CanBeOptional], [SchoolClassId], [GroupId], [SchoolVersionId]) VALUES (4, N'আমার বাংলা বই', N'201', 0, 2, NULL, NULL)
INSERT [dbo].[Subject] ([Id], [SubjectName], [SubjectCode], [CanBeOptional], [SchoolClassId], [GroupId], [SchoolVersionId]) VALUES (5, N'English for Today', N'202', 0, 2, NULL, NULL)
INSERT [dbo].[Subject] ([Id], [SubjectName], [SubjectCode], [CanBeOptional], [SchoolClassId], [GroupId], [SchoolVersionId]) VALUES (6, N'প্রাথমিক গণিত', N'203', 0, 2, NULL, NULL)
INSERT [dbo].[Subject] ([Id], [SubjectName], [SubjectCode], [CanBeOptional], [SchoolClassId], [GroupId], [SchoolVersionId]) VALUES (9, N'Agriculture', N'634', 1, 6, NULL, 1)
INSERT [dbo].[Subject] ([Id], [SubjectName], [SubjectCode], [CanBeOptional], [SchoolClassId], [GroupId], [SchoolVersionId]) VALUES (10, N'Agriculture', N'734', 1, 7, NULL, 1)
INSERT [dbo].[Subject] ([Id], [SubjectName], [SubjectCode], [CanBeOptional], [SchoolClassId], [GroupId], [SchoolVersionId]) VALUES (11, N'Agriculture', N'834', 1, 8, NULL, 1)
INSERT [dbo].[Subject] ([Id], [SubjectName], [SubjectCode], [CanBeOptional], [SchoolClassId], [GroupId], [SchoolVersionId]) VALUES (12, N'আমার বাংলা বই', N'201', 0, 2, NULL, 3)
INSERT [dbo].[Subject] ([Id], [SubjectName], [SubjectCode], [CanBeOptional], [SchoolClassId], [GroupId], [SchoolVersionId]) VALUES (14, N'আমার বাংলা বই', N'301', 0, 3, NULL, 1)
INSERT [dbo].[Subject] ([Id], [SubjectName], [SubjectCode], [CanBeOptional], [SchoolClassId], [GroupId], [SchoolVersionId]) VALUES (15, N'আমার বাংলা বই', N'401', 0, 4, NULL, 1)
INSERT [dbo].[Subject] ([Id], [SubjectName], [SubjectCode], [CanBeOptional], [SchoolClassId], [GroupId], [SchoolVersionId]) VALUES (18, N'আমার বাংলা বই', N'501', 0, 5, NULL, 1)
INSERT [dbo].[Subject] ([Id], [SubjectName], [SubjectCode], [CanBeOptional], [SchoolClassId], [GroupId], [SchoolVersionId]) VALUES (19, N'আনন্দ পাঠ(বাংলা দ্রুত পঠন)', N'601', 0, 6, NULL, NULL)
INSERT [dbo].[Subject] ([Id], [SubjectName], [SubjectCode], [CanBeOptional], [SchoolClassId], [GroupId], [SchoolVersionId]) VALUES (20, N'আনন্দ পাঠ(বাংলা দ্রুত পঠন)', N'701', 0, 7, NULL, 1)
INSERT [dbo].[Subject] ([Id], [SubjectName], [SubjectCode], [CanBeOptional], [SchoolClassId], [GroupId], [SchoolVersionId]) VALUES (21, N'আনন্দ পাঠ(বাংলা দ্রুত পঠন)', N'801', 0, 8, NULL, 1)
INSERT [dbo].[Subject] ([Id], [SubjectName], [SubjectCode], [CanBeOptional], [SchoolClassId], [GroupId], [SchoolVersionId]) VALUES (22, N'ইসলাম ও নৈতিক শিক্ষা', N'305', 0, 3, NULL, NULL)
INSERT [dbo].[Subject] ([Id], [SubjectName], [SubjectCode], [CanBeOptional], [SchoolClassId], [GroupId], [SchoolVersionId]) VALUES (23, N'হিন্দুধর্ম ও নৈতিক শিক্ষা', N'306', 0, 3, NULL, NULL)
INSERT [dbo].[Subject] ([Id], [SubjectName], [SubjectCode], [CanBeOptional], [SchoolClassId], [GroupId], [SchoolVersionId]) VALUES (24, N'গণিত', N'303', 0, 3, NULL, NULL)
SET IDENTITY_INSERT [dbo].[Subject] OFF
go

--17
-- SET IDENTITY_INSERT [dbo].[ApplicationForm] ON 


-- INSERT [dbo].[ApplicationForm] ([Id],[ApplicantId],[FirstName],[LastName],[DateOfBirth],[Gender],[Religion],[BirthRegistrationNo],[ImageUrl],[ApplingDate],[FatherName], [FatherOccupation], [FatherPhone], [MotherName], [MotherOccupation], [MotherPhone],[MonthlyFamillyIncome],[FormarSchoolName],[IsSelected], [IsAdmitted], [PresentAddress],[ParmanentAddress],[PostOfficeId],[QuotaId],[BranchClassId])VALUES (1, 000001, N'Imran', N'Hossain', CAST(N'1996-06-10T00:00:00.0000000' AS DateTime2),  1, 1, N'258522647414', N'~/images/9.jpg', '2021-01-10',   N'Father', N'Govt', N'0123554254', N'mother', N'Houe Wife', N'013654185', 20000,  NULL, 0, 0, N'Dhaka', N'Dhaka',1, 1, 1)
-- INSERT [dbo].[ApplicationForm] ([Id],[ApplicantId],[FirstName],[LastName],[DateOfBirth],[Gender],[Religion],[BirthRegistrationNo],[ImageUrl],[ApplingDate],[FatherName], [FatherOccupation], [FatherPhone], [MotherName], [MotherOccupation], [MotherPhone],[MonthlyFamillyIncome],[FormarSchoolName],[IsSelected], [IsAdmitted], [PresentAddress],[ParmanentAddress],[PostOfficeId],[QuotaId],[BranchClassId]) VALUES (2, 000002, N'Saleha', N'Akter', CAST(N'1997-02-04T00:00:00.0000000' AS DateTime2),  2, 1, N'01245632365',  N'~/images/10.jpg', '2021-01-10',  N'father', N'private', N'0185463126', N'mother', N'Banker', N'019654841', 30000, N'old School',1, 0, N'Comilla', N'Dhaka',  1,  2, 2)
-- SET IDENTITY_INSERT [dbo].[ApplicationForm] OFF
go
--18
GO
SET IDENTITY_INSERT [dbo].[Staff] ON 

INSERT [dbo].[Staff] ([Id], [FirstName], [LastName], [DateOfBirth], [Gender], [Religion], [PhoneNo], [Email], [NationalIdNo], [ImageUrl], [CreatedDate], [FathersName], [MothersName], [MaritalStatus], [IsPresent], [JoiningDate], [ResignDate], [PresentAddress], [ParmanentAddress], [FingerData], [PostOfficeId], [BranchId], [DesignationId]) VALUES (1, N'Sharmin', N'Akter', CAST(N'2000-01-01T00:00:00.0000000' AS DateTime2), 1, 0, N'01854658124', N'sharmi@gmaill.com', N'4652341564', N'~/imgae/01.jpg', CAST(N'2020-01-01T00:00:00.0000000' AS DateTime2), N'father', N'mothers', 0, 1, CAST(N'2021-01-01T00:00:00.0000000' AS DateTime2), NULL, N'dahaka', N'barisal', NULL, 1, 1, 2)
INSERT [dbo].[Staff] ([Id], [FirstName], [LastName], [DateOfBirth], [Gender], [Religion], [PhoneNo], [Email], [NationalIdNo], [ImageUrl], [CreatedDate], [FathersName], [MothersName], [MaritalStatus], [IsPresent], [JoiningDate], [ResignDate], [PresentAddress], [ParmanentAddress], [FingerData], [PostOfficeId], [BranchId], [DesignationId]) VALUES (2, N'Rokiya', N'Akter', CAST(N'2000-01-01T00:00:00.0000000' AS DateTime2), 1, 0, N'01254521455', N'rokiya@gmail.com', N'6542315841', N'~/images/03.jpg', CAST(N'2020-01-01T00:00:00.0000000' AS DateTime2), N'fatjer', N'mothre', 0, 1, CAST(N'2021-01-01T00:00:00.0000000' AS DateTime2), NULL, N'MEGHNA', N'cumilla', NULL, 2, 1, 2)
INSERT [dbo].[Staff] ([Id], [FirstName], [LastName], [DateOfBirth], [Gender], [Religion], [PhoneNo], [Email], [NationalIdNo], [ImageUrl], [CreatedDate], [FathersName], [MothersName], [MaritalStatus], [IsPresent], [JoiningDate], [ResignDate], [PresentAddress], [ParmanentAddress], [FingerData], [PostOfficeId], [BranchId], [DesignationId]) VALUES (4, N'Faruq ', N'Ahmed', CAST(N'2000-01-01T00:00:00.0000000' AS DateTime2), 1, 0, N'01235647854', N'faruq@gmail.com', N'1245457412', N'~/images/02.jpg', CAST(N'2020-01-01T00:00:00.0000000' AS DateTime2), N'father', N'motehr', 0, 1, CAST(N'2021-01-01T00:00:00.0000000' AS DateTime2), NULL, N'Paltan', N'Gazipur', NULL, 1, 2, 1)
INSERT [dbo].[Staff] ([Id], [FirstName], [LastName], [DateOfBirth], [Gender], [Religion], [PhoneNo], [Email], [NationalIdNo], [ImageUrl], [CreatedDate], [FathersName], [MothersName], [MaritalStatus], [IsPresent], [JoiningDate], [ResignDate], [PresentAddress], [ParmanentAddress], [FingerData], [PostOfficeId], [BranchId], [DesignationId]) VALUES (6, N'Alom', N'Azad', CAST(N'2000-01-01T00:00:00.0000000' AS DateTime2), 1, 0, N'01245678965', N'alom@gmail.com', N'4124547745', N'~/images/04.jpg', CAST(N'2020-01-01T00:00:00.0000000' AS DateTime2), N'father', N'mother', 0, 1, CAST(N'2021-01-01T00:00:00.0000000' AS DateTime2), NULL, N'Kakrail', N'Norail', NULL, 1, 1, 2)
INSERT [dbo].[Staff] ([Id], [FirstName], [LastName], [DateOfBirth], [Gender], [Religion], [PhoneNo], [Email], [NationalIdNo], [ImageUrl], [CreatedDate], [FathersName], [MothersName], [MaritalStatus], [IsPresent], [JoiningDate], [ResignDate], [PresentAddress], [ParmanentAddress], [FingerData], [PostOfficeId], [BranchId], [DesignationId]) VALUES (8, N'Jibon', N'Ahmed', CAST(N'2000-01-01T00:00:00.0000000' AS DateTime2), 1, 0, N'01245874514', N'jibon@gmail.com', N'4251478541', N'~/images/05.jpg', CAST(N'2020-01-01T00:00:00.0000000' AS DateTime2), N'father', N'mother', 0, 1, CAST(N'2021-01-01T00:00:00.0000000' AS DateTime2), NULL, N'Bonani', N'Rongpur', NULL, 2, 2, 1)
INSERT [dbo].[Staff] ([Id], [FirstName], [LastName], [DateOfBirth], [Gender], [Religion], [PhoneNo], [Email], [NationalIdNo], [ImageUrl], [CreatedDate], [FathersName], [MothersName], [MaritalStatus], [IsPresent], [JoiningDate], [ResignDate], [PresentAddress], [ParmanentAddress], [FingerData], [PostOfficeId], [BranchId], [DesignationId]) VALUES (11, N'Ahmed', N'Uddin', CAST(N'2000-01-01T00:00:00.0000000' AS DateTime2), 1, 0, N'01548452163', N'azad@gmail.com', N'2451474546', N'~/images/06.jpg', CAST(N'2020-01-01T00:00:00.0000000' AS DateTime2), N'father', N'mother', 0, 1, CAST(N'2021-01-01T00:00:00.0000000' AS DateTime2), NULL, N'Badda', N'Cumilla', NULL, 2, 2, 1)
INSERT [dbo].[Staff] ([Id], [FirstName], [LastName], [DateOfBirth], [Gender], [Religion], [PhoneNo], [Email], [NationalIdNo], [ImageUrl], [CreatedDate], [FathersName], [MothersName], [MaritalStatus], [IsPresent], [JoiningDate], [ResignDate], [PresentAddress], [ParmanentAddress], [FingerData], [PostOfficeId], [BranchId], [DesignationId]) VALUES (13, N'Zahin', N'Hyder', CAST(N'2000-01-01T00:00:00.0000000' AS DateTime2), 1, 0, N'01454845213', N'zahin@gmail.com', N'1454845124', N'~/images/07.jpg', CAST(N'2020-01-01T00:00:00.0000000' AS DateTime2), N'father', N'mother', 0, 1, CAST(N'2021-01-01T00:00:00.0000000' AS DateTime2), NULL, N'Uttora', N'Munsigong', NULL, 1, 1, 1)
INSERT [dbo].[Staff] ([Id], [FirstName], [LastName], [DateOfBirth], [Gender], [Religion], [PhoneNo], [Email], [NationalIdNo], [ImageUrl], [CreatedDate], [FathersName], [MothersName], [MaritalStatus], [IsPresent], [JoiningDate], [ResignDate], [PresentAddress], [ParmanentAddress], [FingerData], [PostOfficeId], [BranchId], [DesignationId]) VALUES (14, N'Sorif', N'Ullah', CAST(N'2000-01-01T00:00:00.0000000' AS DateTime2), 1, 0, N'01546455445', N'sorif@gmail.com', N'2457454125', N'~/images/08.jpg', CAST(N'2020-01-01T00:00:00.0000000' AS DateTime2), N'father', N'moter', 0, 1, CAST(N'2021-01-01T00:00:00.0000000' AS DateTime2), NULL, N'Gulsan', N'Chardpur', NULL, 1, 1, 2)
INSERT [dbo].[Staff] ([Id], [FirstName], [LastName], [DateOfBirth], [Gender], [Religion], [PhoneNo], [Email], [NationalIdNo], [ImageUrl], [CreatedDate], [FathersName], [MothersName], [MaritalStatus], [IsPresent], [JoiningDate], [ResignDate], [PresentAddress], [ParmanentAddress], [FingerData], [PostOfficeId], [BranchId], [DesignationId]) VALUES (17, N'Kazi', N'Nazrul', CAST(N'2000-01-01T00:00:00.0000000' AS DateTime2), 1, 0, N'01245784515', N'kazi@gamil.com', N'6547894521', N'~/images/09.jpg', CAST(N'2020-01-01T00:00:00.0000000' AS DateTime2), N'father', N'mother', 0, 1, CAST(N'2021-01-01T00:00:00.0000000' AS DateTime2), NULL, N'Motijil', N'B-Baria', NULL, 2, 2, 2)
INSERT [dbo].[Staff] ([Id], [FirstName], [LastName], [DateOfBirth], [Gender], [Religion], [PhoneNo], [Email], [NationalIdNo], [ImageUrl], [CreatedDate], [FathersName], [MothersName], [MaritalStatus], [IsPresent], [JoiningDate], [ResignDate], [PresentAddress], [ParmanentAddress], [FingerData], [PostOfficeId], [BranchId], [DesignationId]) VALUES (18, N'Yeasin', N'Hossain', CAST(N'2000-01-01T00:00:00.0000000' AS DateTime2), 1, 0, N'01245789414', N'yeasin@gamil.com', N'4154478554', N'~/images/10.jpg', CAST(N'2020-01-01T00:00:00.0000000' AS DateTime2), N'father', N'mother', 0, 1, CAST(N'2021-01-01T00:00:00.0000000' AS DateTime2), NULL, N'Rampura', N'Josore', NULL, 2, 1, 1)
INSERT [dbo].[Staff] ([Id], [FirstName], [LastName], [DateOfBirth], [Gender], [Religion], [PhoneNo], [Email], [NationalIdNo], [ImageUrl], [CreatedDate], [FathersName], [MothersName], [MaritalStatus], [IsPresent], [JoiningDate], [ResignDate], [PresentAddress], [ParmanentAddress], [FingerData], [PostOfficeId], [BranchId], [DesignationId]) VALUES (19, N'Ariful', N'Islam', CAST(N'2000-01-01T00:00:00.0000000' AS DateTime2), 1, 0, N'01654854521', N'ariful@gmail.com', N'5487545654', N'~/images/11.jpg', CAST(N'2020-01-01T00:00:00.0000000' AS DateTime2), N'father', N'motehr', 0, 1, CAST(N'2021-01-01T00:00:00.0000000' AS DateTime2), NULL, N'Mirpur', N'Syllhet', NULL, 1, 2, 1)
INSERT [dbo].[Staff] ([Id], [FirstName], [LastName], [DateOfBirth], [Gender], [Religion], [PhoneNo], [Email], [NationalIdNo], [ImageUrl], [CreatedDate], [FathersName], [MothersName], [MaritalStatus], [IsPresent], [JoiningDate], [ResignDate], [PresentAddress], [ParmanentAddress], [FingerData], [PostOfficeId], [BranchId], [DesignationId]) VALUES (20, N'Anis', N'Islam', CAST(N'2000-01-01T00:00:00.0000000' AS DateTime2), 1, 0, N'01354845121', N'anis@gmail.com', N'5478456454', N'~/images/12.jpg', CAST(N'2020-01-01T00:00:00.0000000' AS DateTime2), N'father', N'motehr', 0, 1, CAST(N'2021-01-01T00:00:00.0000000' AS DateTime2), NULL, N'Azimpur', N'Natore', NULL, 2, 1, 2)
INSERT [dbo].[Staff] ([Id], [FirstName], [LastName], [DateOfBirth], [Gender], [Religion], [PhoneNo], [Email], [NationalIdNo], [ImageUrl], [CreatedDate], [FathersName], [MothersName], [MaritalStatus], [IsPresent], [JoiningDate], [ResignDate], [PresentAddress], [ParmanentAddress], [FingerData], [PostOfficeId], [BranchId], [DesignationId]) VALUES (21, N'Nuru', N'Islam', CAST(N'2000-01-01T00:00:00.0000000' AS DateTime2), 1, 0, N'01542145265', N'nuri@gmail.com', N'4547845554', N'~/images/13.jpg', CAST(N'2020-01-01T00:00:00.0000000' AS DateTime2), N'father', N'mother', 0, 1, CAST(N'2021-01-01T00:00:00.0000000' AS DateTime2), NULL, N'Santibug', N'Cumilla', NULL, 2, 1, 2)
INSERT [dbo].[Staff] ([Id], [FirstName], [LastName], [DateOfBirth], [Gender], [Religion], [PhoneNo], [Email], [NationalIdNo], [ImageUrl], [CreatedDate], [FathersName], [MothersName], [MaritalStatus], [IsPresent], [JoiningDate], [ResignDate], [PresentAddress], [ParmanentAddress], [FingerData], [PostOfficeId], [BranchId], [DesignationId]) VALUES (22, N'Rabbi', N'Hossain', CAST(N'2000-01-01T00:00:00.0000000' AS DateTime2), 1, 0, N'01245845544', N'rabbi@gmail.com', N'5478985454', N'~/images/14.jpg', CAST(N'2020-01-01T00:00:00.0000000' AS DateTime2), N'father', N'mother', 0, 1, CAST(N'2021-01-01T00:00:00.0000000' AS DateTime2), NULL, N'Paltan', N'Manikgong', NULL, 1, 1, 1)
SET IDENTITY_INSERT [dbo].[Staff] OFF

--20
GO
SET IDENTITY_INSERT [dbo].[StaffTask] ON 

INSERT [dbo].[StaffTask] ([Id], [TaskName], [Description]) VALUES (1, N'Gate Keeper', N'Gate Keeper must check who are come and out into the school gate')
INSERT [dbo].[StaffTask] ([Id], [TaskName], [Description]) VALUES (2, N'ID Card Check ', N'A Checker always check the student id card')
INSERT [dbo].[StaffTask] ([Id], [TaskName], [Description]) VALUES (3, N'Finger Print', N'Ovserve all the students are complete there finger print attendence before specific time')
INSERT [dbo].[StaffTask] ([Id], [TaskName], [Description]) VALUES (4, N'Playing Bell', N'Playing the bell after complated every class')
INSERT [dbo].[StaffTask] ([Id], [TaskName], [Description]) VALUES (5, N'Descipline Check', N'A checker always check a student compltely maintain the desciplines of school')
INSERT [dbo].[StaffTask] ([Id], [TaskName], [Description]) VALUES (6, N'Handover Gardian', N'A checker always handover a student in his/her proper gardian')
INSERT [dbo].[StaffTask] ([Id], [TaskName], [Description]) VALUES (7, N'Notice Carry', N'Carry Important Notices from all class in the school ')
INSERT [dbo].[StaffTask] ([Id], [TaskName], [Description]) VALUES (8, N'Teacher Food / Tea', N'Provide lite food and tea for teachers and guests')
INSERT [dbo].[StaffTask] ([Id], [TaskName], [Description]) VALUES (9, N'Office Work', N'Always support official activites ')
INSERT [dbo].[StaffTask] ([Id], [TaskName], [Description]) VALUES (10, N'Room Clean', N'Clean all the class room in the school')
INSERT [dbo].[StaffTask] ([Id], [TaskName], [Description]) VALUES (11, N'Balcony Clean', N'Clean all the buildings balcony  ')
INSERT [dbo].[StaffTask] ([Id], [TaskName], [Description]) VALUES (12, N'Play Ground Clean', N'Clean play ground in the school')
INSERT [dbo].[StaffTask] ([Id], [TaskName], [Description]) VALUES (13, N'Wash Room Clean', N'Clean Wash Room in the school')
INSERT [dbo].[StaffTask] ([Id], [TaskName], [Description]) VALUES (14, N'Drinking Water', N'Provide fresh drinking water')
INSERT [dbo].[StaffTask] ([Id], [TaskName], [Description]) VALUES (15, N'Delivery Boy', N'Delivery boy alwasy serve external delivery of school')
SET IDENTITY_INSERT [dbo].[StaffTask] OFF

--21
GO
SET IDENTITY_INSERT [dbo].[TaskRoutine] ON 

INSERT [dbo].[TaskRoutine] ([Id], [StartDate], [EndDate], [StartTime], [EndTime], [StaffTaskId], [StaffId]) VALUES (1, CAST(N'2021-01-02T00:00:00.0000000' AS DateTime2), CAST(N'2021-01-10T00:00:00.0000000' AS DateTime2), CAST(N'09:30:00' AS Time), CAST(N'04:30:00' AS Time), 1, 1)
INSERT [dbo].[TaskRoutine] ([Id], [StartDate], [EndDate], [StartTime], [EndTime], [StaffTaskId], [StaffId]) VALUES (2, CAST(N'2021-01-11T00:00:00.0000000' AS DateTime2), CAST(N'2021-01-22T00:00:00.0000000' AS DateTime2), CAST(N'07:00:00' AS Time), CAST(N'12:30:00' AS Time), 2, 2)
INSERT [dbo].[TaskRoutine] ([Id], [StartDate], [EndDate], [StartTime], [EndTime], [StaffTaskId], [StaffId]) VALUES (3, CAST(N'2021-01-22T00:00:00.0000000' AS DateTime2), CAST(N'2021-02-11T00:00:00.0000000' AS DateTime2), CAST(N'07:00:00' AS Time), CAST(N'12:30:00' AS Time), 3, 1)
SET IDENTITY_INSERT [dbo].[TaskRoutine] OFF

GO

--22

SET IDENTITY_INSERT [dbo].[Student] ON 

INSERT [dbo].[Student] ([Id], [StudentIdNo], [RollNo], [FirstName], [LastName], [DateOfBirth], [BirthRegistrationNo], [Gender], [Religion], [BloodGroup], [ImageUrl], [FatherName], [FatherOccupation], [FatherPhone], [MotherName], [MotherOccupation], [MotherPhone], [MonthlyFamillyIncome], [FormarSchoolName], [GuardianName], [GuardianPhoneNo], [GuardianEmail], [RelationOfAltGuardian], [AdmissionDate], [PresentAddress], [ParmanentAddress], [FingerData], [PostOfficeId], [QuotaId], [SectionId]) VALUES (1, N'10000001', 101010, N'Robiul', N'Hossain', CAST(N'2000-10-04T00:00:00.0000000' AS DateTime2), N'4514215423166', 0, 0, NULL, N'~/images/07.jpg', N'Abdul', N'Private Employee', N'01854625441', N'Rehana', N'HouseWife', N'0164250154', 20000, NULL, N'Abdul', N'0185451445', N'girtian@gmail.com', N'father', CAST(N'2021-01-01T00:00:00.0000000' AS DateTime2), N'Dhaka', N'Cumilla', NULL, 1, 1, 1)
INSERT [dbo].[Student] ([Id], [StudentIdNo], [RollNo], [FirstName], [LastName], [DateOfBirth], [BirthRegistrationNo], [Gender], [Religion], [BloodGroup], [ImageUrl], [FatherName], [FatherOccupation], [FatherPhone], [MotherName], [MotherOccupation], [MotherPhone], [MonthlyFamillyIncome], [FormarSchoolName], [GuardianName], [GuardianPhoneNo], [GuardianEmail], [RelationOfAltGuardian], [AdmissionDate], [PresentAddress], [ParmanentAddress], [FingerData], [PostOfficeId], [QuotaId], [SectionId]) VALUES (2, N'10000002', 101211, N'kawser1', N'Hossain', CAST(N'2000-10-05T00:00:00.0000000' AS DateTime2), N'4654354165442', 0, 0, NULL, N'~/images/08.jpg', N'abul', N'gvt', N'01825434561', N'sultana', N'private', N'0185542544', 30000, N'OLD SCHOOL', N'SULTAN', N'01698525441', N'sulata@gmail.com', N'mother', CAST(N'2021-01-01T00:00:00.0000000' AS DateTime2), N'cumilla', N'Noakhali', NULL, 2, NULL, 1)
INSERT [dbo].[Student] ([Id], [StudentIdNo], [RollNo], [FirstName], [LastName], [DateOfBirth], [BirthRegistrationNo], [Gender], [Religion], [BloodGroup], [ImageUrl], [FatherName], [FatherOccupation], [FatherPhone], [MotherName], [MotherOccupation], [MotherPhone], [MonthlyFamillyIncome], [FormarSchoolName], [GuardianName], [GuardianPhoneNo], [GuardianEmail], [RelationOfAltGuardian], [AdmissionDate], [PresentAddress], [ParmanentAddress], [FingerData], [PostOfficeId], [QuotaId], [SectionId]) VALUES (3, N'10000003', 101212, N'kawser2', N'Hossain', CAST(N'2000-10-05T00:00:00.0000000' AS DateTime2), N'4654354165442', 0, 0, NULL, N'~/images/08.jpg', N'abul', N'gvt', N'01825434561', N'sultana', N'private', N'0185542544', 30000, N'OLD SCHOOL', N'SULTAN', N'01698525441', N'sulata@gmail.com', N'mother', CAST(N'2021-01-01T00:00:00.0000000' AS DateTime2), N'cumilla', N'Noakhali', NULL, 2, NULL, 1)
INSERT [dbo].[Student] ([Id], [StudentIdNo], [RollNo], [FirstName], [LastName], [DateOfBirth], [BirthRegistrationNo], [Gender], [Religion], [BloodGroup], [ImageUrl], [FatherName], [FatherOccupation], [FatherPhone], [MotherName], [MotherOccupation], [MotherPhone], [MonthlyFamillyIncome], [FormarSchoolName], [GuardianName], [GuardianPhoneNo], [GuardianEmail], [RelationOfAltGuardian], [AdmissionDate], [PresentAddress], [ParmanentAddress], [FingerData], [PostOfficeId], [QuotaId], [SectionId]) VALUES (4, N'10000004', 101213, N'kawser3', N'Hossain', CAST(N'2000-10-05T00:00:00.0000000' AS DateTime2), N'4654354165442', 0, 0, NULL, N'~/images/08.jpg', N'abul', N'gvt', N'01825434561', N'sultana', N'private', N'0185542544', 30000, N'OLD SCHOOL', N'SULTAN', N'01698525441', N'sulata@gmail.com', N'mother', CAST(N'2021-01-01T00:00:00.0000000' AS DateTime2), N'cumilla', N'Noakhali', NULL, 2, NULL, 1)
INSERT [dbo].[Student] ([Id], [StudentIdNo], [RollNo], [FirstName], [LastName], [DateOfBirth], [BirthRegistrationNo], [Gender], [Religion], [BloodGroup], [ImageUrl], [FatherName], [FatherOccupation], [FatherPhone], [MotherName], [MotherOccupation], [MotherPhone], [MonthlyFamillyIncome], [FormarSchoolName], [GuardianName], [GuardianPhoneNo], [GuardianEmail], [RelationOfAltGuardian], [AdmissionDate], [PresentAddress], [ParmanentAddress], [FingerData], [PostOfficeId], [QuotaId], [SectionId]) VALUES (5, N'10000005', 101214, N'kawser4', N'Hossain', CAST(N'2000-10-05T00:00:00.0000000' AS DateTime2), N'4654354165442', 0, 0, NULL, N'~/images/08.jpg', N'abul', N'gvt', N'01825434561', N'sultana', N'private', N'0185542544', 30000, N'OLD SCHOOL', N'SULTAN', N'01698525441', N'sulata@gmail.com', N'mother', CAST(N'2021-01-01T00:00:00.0000000' AS DateTime2), N'cumilla', N'Noakhali', NULL, 2, NULL, 1)
INSERT [dbo].[Student] ([Id], [StudentIdNo], [RollNo], [FirstName], [LastName], [DateOfBirth], [BirthRegistrationNo], [Gender], [Religion], [BloodGroup], [ImageUrl], [FatherName], [FatherOccupation], [FatherPhone], [MotherName], [MotherOccupation], [MotherPhone], [MonthlyFamillyIncome], [FormarSchoolName], [GuardianName], [GuardianPhoneNo], [GuardianEmail], [RelationOfAltGuardian], [AdmissionDate], [PresentAddress], [ParmanentAddress], [FingerData], [PostOfficeId], [QuotaId], [SectionId]) VALUES (6, N'10000006', 101215, N'kawser5', N'Hossain', CAST(N'2000-10-05T00:00:00.0000000' AS DateTime2), N'4654354165442', 0, 0, NULL, N'~/images/08.jpg', N'abul', N'gvt', N'01825434561', N'sultana', N'private', N'0185542544', 30000, N'OLD SCHOOL', N'SULTAN', N'01698525441', N'sulata@gmail.com', N'mother', CAST(N'2021-01-01T00:00:00.0000000' AS DateTime2), N'cumilla', N'Noakhali', NULL, 2, NULL, 2)
INSERT [dbo].[Student] ([Id], [StudentIdNo], [RollNo], [FirstName], [LastName], [DateOfBirth], [BirthRegistrationNo], [Gender], [Religion], [BloodGroup], [ImageUrl], [FatherName], [FatherOccupation], [FatherPhone], [MotherName], [MotherOccupation], [MotherPhone], [MonthlyFamillyIncome], [FormarSchoolName], [GuardianName], [GuardianPhoneNo], [GuardianEmail], [RelationOfAltGuardian], [AdmissionDate], [PresentAddress], [ParmanentAddress], [FingerData], [PostOfficeId], [QuotaId], [SectionId]) VALUES (7, N'10000007', 101216, N'kawser6', N'Hossain', CAST(N'2000-10-05T00:00:00.0000000' AS DateTime2), N'4654354165442', 0, 0, NULL, N'~/images/08.jpg', N'abul', N'gvt', N'01825434561', N'sultana', N'private', N'0185542544', 30000, N'OLD SCHOOL', N'SULTAN', N'01698525441', N'sulata@gmail.com', N'mother', CAST(N'2021-01-01T00:00:00.0000000' AS DateTime2), N'cumilla', N'Noakhali', NULL, 2, NULL, 2)
INSERT [dbo].[Student] ([Id], [StudentIdNo], [RollNo], [FirstName], [LastName], [DateOfBirth], [BirthRegistrationNo], [Gender], [Religion], [BloodGroup], [ImageUrl], [FatherName], [FatherOccupation], [FatherPhone], [MotherName], [MotherOccupation], [MotherPhone], [MonthlyFamillyIncome], [FormarSchoolName], [GuardianName], [GuardianPhoneNo], [GuardianEmail], [RelationOfAltGuardian], [AdmissionDate], [PresentAddress], [ParmanentAddress], [FingerData], [PostOfficeId], [QuotaId], [SectionId]) VALUES (8, N'10000008', 101217, N'kawser7', N'Hossain', CAST(N'2000-10-05T00:00:00.0000000' AS DateTime2), N'4654354165442', 0, 0, NULL, N'~/images/08.jpg', N'abul', N'gvt', N'01825434561', N'sultana', N'private', N'0185542544', 30000, N'OLD SCHOOL', N'SULTAN', N'01698525441', N'sulata@gmail.com', N'mother', CAST(N'2021-01-01T00:00:00.0000000' AS DateTime2), N'cumilla', N'Noakhali', NULL, 2, NULL, 2)
INSERT [dbo].[Student] ([Id], [StudentIdNo], [RollNo], [FirstName], [LastName], [DateOfBirth], [BirthRegistrationNo], [Gender], [Religion], [BloodGroup], [ImageUrl], [FatherName], [FatherOccupation], [FatherPhone], [MotherName], [MotherOccupation], [MotherPhone], [MonthlyFamillyIncome], [FormarSchoolName], [GuardianName], [GuardianPhoneNo], [GuardianEmail], [RelationOfAltGuardian], [AdmissionDate], [PresentAddress], [ParmanentAddress], [FingerData], [PostOfficeId], [QuotaId], [SectionId]) VALUES (9, N'10000009', 101218, N'kawser8', N'Hossain', CAST(N'2000-10-05T00:00:00.0000000' AS DateTime2), N'4654354165442', 0, 0, NULL, N'~/images/08.jpg', N'abul', N'gvt', N'01825434561', N'sultana', N'private', N'0185542544', 30000, N'OLD SCHOOL', N'SULTAN', N'01698525441', N'sulata@gmail.com', N'mother', CAST(N'2021-01-01T00:00:00.0000000' AS DateTime2), N'cumilla', N'Noakhali', NULL, 2, NULL, 2)
INSERT [dbo].[Student] ([Id], [StudentIdNo], [RollNo], [FirstName], [LastName], [DateOfBirth], [BirthRegistrationNo], [Gender], [Religion], [BloodGroup], [ImageUrl], [FatherName], [FatherOccupation], [FatherPhone], [MotherName], [MotherOccupation], [MotherPhone], [MonthlyFamillyIncome], [FormarSchoolName], [GuardianName], [GuardianPhoneNo], [GuardianEmail], [RelationOfAltGuardian], [AdmissionDate], [PresentAddress], [ParmanentAddress], [FingerData], [PostOfficeId], [QuotaId], [SectionId]) VALUES (10, N'10000010', 101219, N'kawser9', N'Hossain', CAST(N'2000-10-05T00:00:00.0000000' AS DateTime2), N'4654354165442', 0, 0, NULL, N'~/images/08.jpg', N'abul', N'gvt', N'01825434561', N'sultana', N'private', N'0185542544', 30000, N'OLD SCHOOL', N'SULTAN', N'01698525441', N'sulata@gmail.com', N'mother', CAST(N'2021-01-01T00:00:00.0000000' AS DateTime2), N'cumilla', N'Noakhali', NULL, 2, NULL, 2)
SET IDENTITY_INSERT [dbo].[Student] OFF

go

--25
SET IDENTITY_INSERT [dbo].[ClassRoutine] ON 

INSERT [dbo].[ClassRoutine] ([Id], [StartTime], [EndTime], [ClassDuration], [PeriodNumber], [SubjectId], [TeacherId], [RoomId], [SectionId], [DayOfWeek]) VALUES (1, CAST(N'08:00:00' AS Time), CAST(N'08:40:00' AS Time), N'40', 1, 1, 1, 1, 1, N'Monday')
INSERT [dbo].[ClassRoutine] ([Id], [StartTime], [EndTime], [ClassDuration], [PeriodNumber], [SubjectId], [TeacherId], [RoomId], [SectionId], [DayOfWeek]) VALUES (2, CAST(N'08:40:00' AS Time), CAST(N'09:20:00' AS Time), N'40', 2, 2, 2, 2, 1, N'Sunday')
SET IDENTITY_INSERT [dbo].[ClassRoutine] OFF
go
--26
SET IDENTITY_INSERT [dbo].[Exam] ON 

INSERT [dbo].[Exam] ([Id], [ExamType], [ExamDiscription], [StartDate], [EndDate],  [PassingRate], [IsActive], [BranchId]) VALUES (1, N'Half Yearly', N'this is 50 mark & class under 8 ', CAST(N'2020-09-10T00:00:00.0000000' AS DateTime2), CAST(N'2020-10-30T00:00:00.0000000' AS DateTime2),  50, 1, 1)
INSERT [dbo].[Exam] ([Id], [ExamType], [ExamDiscription], [StartDate], [EndDate],  [PassingRate], [IsActive], [BranchId]) VALUES (2, N'Yearly', N'100 marks', CAST(N'2020-12-01T00:00:00.0000000' AS DateTime2), CAST(N'2020-12-31T00:00:00.0000000' AS DateTime2),   40, 1, 1)
SET IDENTITY_INSERT [dbo].[Exam] OFF

go
--27
SET IDENTITY_INSERT [dbo].[ExamRoutine] ON 

INSERT [dbo].[ExamRoutine] ([Id], [ExamDate], [StartTime], [EndTime], [Duration], [TotalNumber], [BranchClassId], [ExamId], [SubjectId]) VALUES (1, CAST(N'2020-09-03T00:00:00.0000000' AS DateTime2), CAST(N'08:00:00' AS Time), CAST(N'08:40:00' AS Time), N'3 Hour', 100, 1, 1, 1)
INSERT [dbo].[ExamRoutine] ([Id], [ExamDate], [StartTime], [EndTime], [Duration], [TotalNumber], [BranchClassId], [ExamId], [SubjectId]) VALUES (2, CAST(N'2020-09-04T00:00:00.0000000' AS DateTime2), CAST(N'08:00:00' AS Time), CAST(N'08:40:00' AS Time), N'3 Hour', 100, 1, 1, 2)
INSERT [dbo].[ExamRoutine] ([Id], [ExamDate], [StartTime], [EndTime], [Duration], [TotalNumber], [BranchClassId], [ExamId], [SubjectId]) VALUES (3, CAST(N'2020-09-05T00:00:00.0000000' AS DateTime2), CAST(N'08:00:00' AS Time), CAST(N'08:40:00' AS Time), N'3 Hour', 100, 1, 1, 3)
SET IDENTITY_INSERT [dbo].[ExamRoutine] OFF
GO
--28
GO
SET IDENTITY_INSERT [dbo].[ExamResultPoint] ON 

INSERT [dbo].[ExamResultPoint] ([Id], [MaximumMark], [MinimumMark], [Point], [Grade], [Note], [BranchId]) VALUES (1, 100, 80, 5, N'A+', N'Congratulation! Your Result is very Good.', 1)
INSERT [dbo].[ExamResultPoint] ([Id], [MaximumMark], [MinimumMark], [Point], [Grade], [Note], [BranchId]) VALUES (2, 79, 70, 4, N'A', N'Your Result is Good. For Continue class your gardian Should be Communicate with school Authority.', 1)
INSERT [dbo].[ExamResultPoint] ([Id], [MaximumMark], [MinimumMark], [Point], [Grade], [Note], [BranchId]) VALUES (3, 69, 60, 3.5, N'A-', N'Your Result is Not better. For Continue class your gardian Should be Communicate with school Authority', 1)
INSERT [dbo].[ExamResultPoint] ([Id], [MaximumMark], [MinimumMark], [Point], [Grade], [Note], [BranchId]) VALUES (4, 59, 50, 3, N'B', N'Your Result is Not good. For Continue class your gardian Should be Communicate with school Authority.', 1)
INSERT [dbo].[ExamResultPoint] ([Id], [MaximumMark], [MinimumMark], [Point], [Grade], [Note], [BranchId]) VALUES (5, 49, 40, 2, N'C', N'Your Result is bed. For Continue class your gardian Should be Communicate with school Authority', 1)
INSERT [dbo].[ExamResultPoint] ([Id], [MaximumMark], [MinimumMark], [Point], [Grade], [Note], [BranchId]) VALUES (6, 39, 33, 1, N'D', N'Your Result is very bed. For Continue class your gardian must be Communicate with school Authority.', 1)
INSERT [dbo].[ExamResultPoint] ([Id], [MaximumMark], [MinimumMark], [Point], [Grade], [Note], [BranchId]) VALUES (7, 32, 0, 0, N'F', N'Your Result is very bed. For Continue class your gardian must be Communicate with school Authority.', 1)
SET IDENTITY_INSERT [dbo].[ExamResultPoint] OFF

GO

--29
SET IDENTITY_INSERT [dbo].[ExamMark] ON 

INSERT [dbo].[ExamMark] ([Id], [ObtainMark], [ResultStatus], [Point], [Grade], [HighestMark], [Position], [ExamId], [ExamRoutineId], [StudentId]) VALUES (1, 62, 1, 3.5, N'A-', 86, 3, 1, 1, 1)
INSERT [dbo].[ExamMark] ([Id], [ObtainMark], [ResultStatus], [Point], [Grade], [HighestMark], [Position], [ExamId], [ExamRoutineId], [StudentId]) VALUES (2, 86, 1, 5, N'A+', 86, 1, 1, 1, 2)
INSERT [dbo].[ExamMark] ([Id], [ObtainMark], [ResultStatus], [Point], [Grade], [HighestMark], [Position], [ExamId], [ExamRoutineId], [StudentId]) VALUES (3, 75, 1, 4, N'A', 86, 2, 1, 1, 3)
INSERT [dbo].[ExamMark] ([Id], [ObtainMark], [ResultStatus], [Point], [Grade], [HighestMark], [Position], [ExamId], [ExamRoutineId], [StudentId]) VALUES (4, 59, 1, 3, N'B', 86, 4, 1, 1, 4)
INSERT [dbo].[ExamMark] ([Id], [ObtainMark], [ResultStatus], [Point], [Grade], [HighestMark], [Position], [ExamId], [ExamRoutineId], [StudentId]) VALUES (5, 38, 0, 0, N'F', 86, 5, 1, 1, 5)
INSERT [dbo].[ExamMark] ([Id], [ObtainMark], [ResultStatus], [Point], [Grade], [HighestMark], [Position], [ExamId], [ExamRoutineId], [StudentId]) VALUES (6, 75, 1, 4, N'A', 92, 3, 1, 1, 6)
INSERT [dbo].[ExamMark] ([Id], [ObtainMark], [ResultStatus], [Point], [Grade], [HighestMark], [Position], [ExamId], [ExamRoutineId], [StudentId]) VALUES (7, 81, 1, 5, N'A+', 92, 2, 1, 1, 7)
INSERT [dbo].[ExamMark] ([Id], [ObtainMark], [ResultStatus], [Point], [Grade], [HighestMark], [Position], [ExamId], [ExamRoutineId], [StudentId]) VALUES (8, 92, 1, 5, N'A+', 92, 1, 1, 1, 8)
INSERT [dbo].[ExamMark] ([Id], [ObtainMark], [ResultStatus], [Point], [Grade], [HighestMark], [Position], [ExamId], [ExamRoutineId], [StudentId]) VALUES (9, 45, 0, 0, N'F', 92, 5, 1, 1, 9)
INSERT [dbo].[ExamMark] ([Id], [ObtainMark], [ResultStatus], [Point], [Grade], [HighestMark], [Position], [ExamId], [ExamRoutineId], [StudentId]) VALUES (10, 68, 1, 3.5, N'A-', 92, 4, 1, 1, 10)
INSERT [dbo].[ExamMark] ([Id], [ObtainMark], [ResultStatus], [Point], [Grade], [HighestMark], [Position], [ExamId], [ExamRoutineId], [StudentId]) VALUES (11, 55, 1, 3, N'B', 77, 5, 1, 2, 1)
INSERT [dbo].[ExamMark] ([Id], [ObtainMark], [ResultStatus], [Point], [Grade], [HighestMark], [Position], [ExamId], [ExamRoutineId], [StudentId]) VALUES (12, 76, 1, 4, N'A', 77, 2, 1, 2, 2)
INSERT [dbo].[ExamMark] ([Id], [ObtainMark], [ResultStatus], [Point], [Grade], [HighestMark], [Position], [ExamId], [ExamRoutineId], [StudentId]) VALUES (13, 62, 1, 3.5, N'A-', 77, 4, 1, 2, 3)
INSERT [dbo].[ExamMark] ([Id], [ObtainMark], [ResultStatus], [Point], [Grade], [HighestMark], [Position], [ExamId], [ExamRoutineId], [StudentId]) VALUES (14, 77, 1, 4, N'A', 77, 1, 1, 2, 4)
INSERT [dbo].[ExamMark] ([Id], [ObtainMark], [ResultStatus], [Point], [Grade], [HighestMark], [Position], [ExamId], [ExamRoutineId], [StudentId]) VALUES (15, 68, 1, 3.5, N'A-', 77, 3, 1, 2, 5)
INSERT [dbo].[ExamMark] ([Id], [ObtainMark], [ResultStatus], [Point], [Grade], [HighestMark], [Position], [ExamId], [ExamRoutineId], [StudentId]) VALUES (16, 72, 1, 4, N'A-', 87, 2, 1, 2, 6)
INSERT [dbo].[ExamMark] ([Id], [ObtainMark], [ResultStatus], [Point], [Grade], [HighestMark], [Position], [ExamId], [ExamRoutineId], [StudentId]) VALUES (17, 87, 1, 5, N'A-', 87, 1, 1, 2, 7)
INSERT [dbo].[ExamMark] ([Id], [ObtainMark], [ResultStatus], [Point], [Grade], [HighestMark], [Position], [ExamId], [ExamRoutineId], [StudentId]) VALUES (18, 58, 1, 3, N'A-', 87, 4, 1, 2, 8)
INSERT [dbo].[ExamMark] ([Id], [ObtainMark], [ResultStatus], [Point], [Grade], [HighestMark], [Position], [ExamId], [ExamRoutineId], [StudentId]) VALUES (19, 52, 1, 3, N'A-', 87, 5, 1, 2, 9)
INSERT [dbo].[ExamMark] ([Id], [ObtainMark], [ResultStatus], [Point], [Grade], [HighestMark], [Position], [ExamId], [ExamRoutineId], [StudentId]) VALUES (20, 69, 1, 3.5, N'A-', 87, 3, 1, 2, 10)
INSERT [dbo].[ExamMark] ([Id], [ObtainMark], [ResultStatus], [Point], [Grade], [HighestMark], [Position], [ExamId], [ExamRoutineId], [StudentId]) VALUES (21, 70, 1, 4, N'A-', 75, 3, 1, 3, 1)
INSERT [dbo].[ExamMark] ([Id], [ObtainMark], [ResultStatus], [Point], [Grade], [HighestMark], [Position], [ExamId], [ExamRoutineId], [StudentId]) VALUES (22, 70, 1, 4, N'A-', 75, 2, 1, 3, 2)
INSERT [dbo].[ExamMark] ([Id], [ObtainMark], [ResultStatus], [Point], [Grade], [HighestMark], [Position], [ExamId], [ExamRoutineId], [StudentId]) VALUES (23, 65, 1, 3.5, N'A-', 75, 4, 1, 3, 3)
INSERT [dbo].[ExamMark] ([Id], [ObtainMark], [ResultStatus], [Point], [Grade], [HighestMark], [Position], [ExamId], [ExamRoutineId], [StudentId]) VALUES (24, 45, 0, 0, N'A-', 75, 5, 1, 3, 4)
INSERT [dbo].[ExamMark] ([Id], [ObtainMark], [ResultStatus], [Point], [Grade], [HighestMark], [Position], [ExamId], [ExamRoutineId], [StudentId]) VALUES (25, 75, 1, 4, N'A-', 75, 1, 1, 3, 5)
INSERT [dbo].[ExamMark] ([Id], [ObtainMark], [ResultStatus], [Point], [Grade], [HighestMark], [Position], [ExamId], [ExamRoutineId], [StudentId]) VALUES (26, 69, 1, 3.5, N'A-', 96, 5, 1, 3, 6)
INSERT [dbo].[ExamMark] ([Id], [ObtainMark], [ResultStatus], [Point], [Grade], [HighestMark], [Position], [ExamId], [ExamRoutineId], [StudentId]) VALUES (27, 78, 1, 4, N'A-', 96, 4, 1, 3, 7)
INSERT [dbo].[ExamMark] ([Id], [ObtainMark], [ResultStatus], [Point], [Grade], [HighestMark], [Position], [ExamId], [ExamRoutineId], [StudentId]) VALUES (28, 96, 1, 5, N'A-', 96, 1, 1, 3, 8)
INSERT [dbo].[ExamMark] ([Id], [ObtainMark], [ResultStatus], [Point], [Grade], [HighestMark], [Position], [ExamId], [ExamRoutineId], [StudentId]) VALUES (29, 78, 1, 4, N'A-', 96, 3, 1, 3, 9)
INSERT [dbo].[ExamMark] ([Id], [ObtainMark], [ResultStatus], [Point], [Grade], [HighestMark], [Position], [ExamId], [ExamRoutineId], [StudentId]) VALUES (30, 78, 1, 4, N'A-', 96, 2, 1, 3, 10)
SET IDENTITY_INSERT [dbo].[ExamMark] OFF

--30
go
SET IDENTITY_INSERT [dbo].[ExamResult] ON 

INSERT [dbo].[ExamResult] ([Id], [ResultPublishDate], [TotalMark], [TotalObtainMark], [ResultStatus], [Point], [Grade], [HighestMark], [Position], [TotalPresent], [Note], [ExamId], [SectionId], [StudentId]) VALUES (1, CAST(N'2020-09-20T20:18:48.9763319' AS DateTime2), 300, 187, 1, 3.5, N'A-', 232, 3, 3, N'Your Result is Not better. For Continue class your gardian Should be Communicate with school Authority.', 1, 1, 1)
INSERT [dbo].[ExamResult] ([Id], [ResultPublishDate], [TotalMark], [TotalObtainMark], [ResultStatus], [Point], [Grade], [HighestMark], [Position], [TotalPresent], [Note], [ExamId], [SectionId], [StudentId]) VALUES (2, CAST(N'2020-09-20T20:18:49.3234515' AS DateTime2), 300, 232, 1, 4.33, N'A', 232, 1, 3, N'Your Result is Good. For Continue class your gardian Should be Communicate with school Authority.', 1, 1, 2)
INSERT [dbo].[ExamResult] ([Id], [ResultPublishDate], [TotalMark], [TotalObtainMark], [ResultStatus], [Point], [Grade], [HighestMark], [Position], [TotalPresent], [Note], [ExamId], [SectionId], [StudentId]) VALUES (3, CAST(N'2020-09-20T20:18:49.3300370' AS DateTime2), 300, 202, 1, 3.67, N'A-', 232, 2, 3, N'Your Result is Not better. For Continue class your gardian Should be Communicate with school Authority.', 1, 1, 3)
INSERT [dbo].[ExamResult] ([Id], [ResultPublishDate], [TotalMark], [TotalObtainMark], [ResultStatus], [Point], [Grade], [HighestMark], [Position], [TotalPresent], [Note], [ExamId], [SectionId], [StudentId]) VALUES (4, CAST(N'2020-09-20T20:18:49.3359786' AS DateTime2), 300, 181, 0, 0, N'F', 232, 5, 3, N'Your Result is very bed. For Continue class your gardian must be Communicate with school Authority.', 1, 1, 4)
INSERT [dbo].[ExamResult] ([Id], [ResultPublishDate], [TotalMark], [TotalObtainMark], [ResultStatus], [Point], [Grade], [HighestMark], [Position], [TotalPresent], [Note], [ExamId], [SectionId], [StudentId]) VALUES (5, CAST(N'2020-09-20T20:18:49.3455754' AS DateTime2), 300, 181, 0, 0, N'F', 232, 4, 3, N'Your Result is very bed. For Continue class your gardian must be Communicate with school Authority.', 1, 1, 5)
SET IDENTITY_INSERT [dbo].[ExamResult] OFF
go
--31
SET IDENTITY_INSERT [dbo].[Event] ON 

INSERT [dbo].[Event] ([Id], [EventName], [StartDate], [EndDate], [EventControlar], [Venue], [ImageUrl], [BranchId]) VALUES (1, N'Orentation', CAST(N'2021-01-01T00:00:00.0000000' AS DateTime2), CAST(N'2021-01-01T00:00:00.0000000' AS DateTime2), N'Khalid', N'Morgipara',  N'~/images/11.jpg', 1)
INSERT [dbo].[Event] ([Id], [EventName], [StartDate], [EndDate], [EventControlar], [Venue], [ImageUrl], [BranchId]) VALUES (2, N'Farewell', CAST(N'2020-12-31T00:00:00.0000000' AS DateTime2), CAST(N'2020-12-31T00:00:00.0000000' AS DateTime2), N'Jahangir', N'Mawa', N'~/images/12.jpg', 1)
SET IDENTITY_INSERT [dbo].[Event] OFF

go
--32

SET IDENTITY_INSERT [dbo].[Holiday] ON 

INSERT [dbo].[Holiday] ([Id], [HolidayName], [StartDate], [EndDate], [NumberOfDay]) VALUES (1, N'Summer Session', CAST(N'2021-02-01T00:00:00.0000000' AS DateTime2), CAST(N'2021-02-10T00:00:00.0000000' AS DateTime2), 10)
INSERT [dbo].[Holiday] ([Id], [HolidayName], [StartDate], [EndDate], [NumberOfDay]) VALUES (2, N'Eid Ul Azha', CAST(N'2020-06-01T00:00:00.0000000' AS DateTime2), CAST(N'2020-06-06T00:00:00.0000000' AS DateTime2), 6)
SET IDENTITY_INSERT [dbo].[Holiday] OFF

go
--33
SET IDENTITY_INSERT [dbo].[RulesRegulation] ON 

INSERT [dbo].[RulesRegulation] ([Id], [RuleDetails], [BranchId]) VALUES (1, N'Must be use Unifrom. Attend Correct Time', 1)
INSERT [dbo].[RulesRegulation] ([Id], [RuleDetails], [BranchId]) VALUES (2, N'Must be use Unifrom. Attend Correct Time', 2)
SET IDENTITY_INSERT [dbo].[RulesRegulation] OFF

go
--34
SET IDENTITY_INSERT [dbo].[NoticeBoard] ON 

INSERT [dbo].[NoticeBoard] ([Id], [TopicName], [NoticeBody], [PublishDate], [BranchId]) VALUES (1, N'Exam', N'2nd september will held montly Exam', CAST(N'2020-08-31T00:00:00.0000000' AS DateTime2), 1)
INSERT [dbo].[NoticeBoard] ([Id], [TopicName], [NoticeBody], [PublishDate], [BranchId]) VALUES (2, N'Result', N'Final Result', CAST(N'2020-12-31T00:00:00.0000000' AS DateTime2), 1)
SET IDENTITY_INSERT [dbo].[NoticeBoard] OFF

--35
GO
SET IDENTITY_INSERT [dbo].[RoutineCondition] ON 

INSERT [dbo].[RoutineCondition] ([Id], [Name], [Value]) VALUES (1, N'Period Number For Full Day', N'7')
INSERT [dbo].[RoutineCondition] ([Id], [Name], [Value]) VALUES (2, N'Weekly Working Day', N'6')
INSERT [dbo].[RoutineCondition] ([Id], [Name], [Value]) VALUES (3, N'Weekly Half Day Number', N'1')
INSERT [dbo].[RoutineCondition] ([Id], [Name], [Value]) VALUES (4, N'Period Number For Half Day', N'4')
INSERT [dbo].[RoutineCondition] ([Id], [Name], [Value]) VALUES (5, N'Tiffin Time In Munite', N'30')
INSERT [dbo].[RoutineCondition] ([Id], [Name], [Value]) VALUES (6, N'Half Day Name', N'Thursday')
INSERT [dbo].[RoutineCondition] ([Id], [Name], [Value]) VALUES (7, N'Off Day Name', N'Friday')
INSERT [dbo].[RoutineCondition] ([Id], [Name], [Value]) VALUES (8, N'Subjcet Repat Per Day', N'0')
INSERT [dbo].[RoutineCondition] ([Id], [Name], [Value]) VALUES (9, N'Minimum Class For Subject Per Week', N'3')
INSERT [dbo].[RoutineCondition] ([Id], [Name], [Value]) VALUES (10, N'Maximum Class For Subject Per Week', N'6')
INSERT [dbo].[RoutineCondition] ([Id], [Name], [Value]) VALUES (11, N'Maximum First Class Per Teacher', N'1')
INSERT [dbo].[RoutineCondition] ([Id], [Name], [Value]) VALUES (12, N'Maximum Class Per Day For Teacher', N'5')
INSERT [dbo].[RoutineCondition] ([Id], [Name], [Value]) VALUES (13, N'Minimum Class Per Day For Teacher', N'3')
INSERT [dbo].[RoutineCondition] ([Id], [Name], [Value]) VALUES (14, N'Maximun Class Per Week For Teacher', N'25')
INSERT [dbo].[RoutineCondition] ([Id], [Name], [Value]) VALUES (15, N'Minimun Class Per Week For Teacher', N'24')
INSERT [dbo].[RoutineCondition] ([Id], [Name], [Value]) VALUES (16, N'Subject Can First Class Per Week', N'2')
INSERT [dbo].[RoutineCondition] ([Id], [Name], [Value]) VALUES (17, N'Maximum Gap Between Period per Teacher', N'2')
INSERT [dbo].[RoutineCondition] ([Id], [Name], [Value]) VALUES (18, N'Teacher Class In Same Section', N'2')
INSERT [dbo].[RoutineCondition] ([Id], [Name], [Value]) VALUES (19, N'A Teacher Can Maximum Class Teacher', N'2')
INSERT [dbo].[RoutineCondition] ([Id], [Name], [Value]) VALUES (20, N'Total Class In Monrh Per Teacher', N'80')
INSERT [dbo].[RoutineCondition] ([Id], [Name], [Value]) VALUES (21, N'Total Class In Year Per Teacher', N'800')
INSERT [dbo].[RoutineCondition] ([Id], [Name], [Value]) VALUES (22, N'Maximum Exam Gap', N'2')
INSERT [dbo].[RoutineCondition] ([Id], [Name], [Value]) VALUES (23, N'Maximum Exam Mark', N'100')
INSERT [dbo].[RoutineCondition] ([Id], [Name], [Value]) VALUES (24, N'Minimum Exam Mark', N'20')
INSERT [dbo].[RoutineCondition] ([Id], [Name], [Value]) VALUES (25, N'Subject Repat Per Exam', N'0')
INSERT [dbo].[RoutineCondition] ([Id], [Name], [Value]) VALUES (26, N'Tiffin Period Number', N'5')
INSERT [dbo].[RoutineCondition] ([Id], [Name], [Value]) VALUES (27, N'PT Time In Munite', N'15')
INSERT [dbo].[RoutineCondition] ([Id], [Name], [Value]) VALUES (28, N'One Day Per Class Maximum Exam', N'15')
INSERT [dbo].[RoutineCondition] ([Id], [Name], [Value]) VALUES (29, N'Maximum Class Exam In Same Time', N'4')
INSERT [dbo].[RoutineCondition] ([Id], [Name], [Value]) VALUES (30, N'Total Monthly Exam Per Year', N'4')
INSERT [dbo].[RoutineCondition] ([Id], [Name], [Value]) VALUES (31, N'Total Semister Exam Per Year', N'2')
INSERT [dbo].[RoutineCondition] ([Id], [Name], [Value]) VALUES (32, N'Long Duration Class Number', N'2')
INSERT [dbo].[RoutineCondition] ([Id], [Name], [Value]) VALUES (33, N'Short Duration Class Number', N'5')
INSERT [dbo].[RoutineCondition] ([Id], [Name], [Value]) VALUES (34, N'Long  Duration Of Period', N'45')
INSERT [dbo].[RoutineCondition] ([Id], [Name], [Value]) VALUES (35, N'Short  Duration Of Period', N'30')
INSERT [dbo].[RoutineCondition] ([Id], [Name], [Value]) VALUES (36, N'Requerd Number Of Student For Optional Class', N'10')
SET IDENTITY_INSERT [dbo].[RoutineCondition] OFF

go

--36
SET IDENTITY_INSERT [dbo].[StudentSubject] ON 

INSERT [dbo].[StudentSubject] ([Id], [StudentId], [SubjectId], [IsOptional]) VALUES (1, 1, 1, 0)
INSERT [dbo].[StudentSubject] ([Id], [StudentId], [SubjectId], [IsOptional]) VALUES (2, 1, 2, 0)
INSERT [dbo].[StudentSubject] ([Id], [StudentId], [SubjectId], [IsOptional]) VALUES (3, 1, 10, 1)
INSERT [dbo].[StudentSubject] ([Id], [StudentId], [SubjectId], [IsOptional]) VALUES (4, 1, 3, 0)
INSERT [dbo].[StudentSubject] ([Id], [StudentId], [SubjectId], [IsOptional]) VALUES (5, 2, 1, 0)
INSERT [dbo].[StudentSubject] ([Id], [StudentId], [SubjectId], [IsOptional]) VALUES (6, 2, 2, 0)
INSERT [dbo].[StudentSubject] ([Id], [StudentId], [SubjectId], [IsOptional]) VALUES (7, 2, 9, 1)
SET IDENTITY_INSERT [dbo].[StudentSubject] OFF

GO
